CustomerId,Surname,CreditScore,Geography,Gender,Age,Tenure,Balance,NumOfProducts,HasCrCard,IsActiveMember,EstimatedSalary,Complain,SatisfactionScore,CardType,PointEarned
15600000,Garrison,674,Spain,Female,38,7,44305.92,3,1,0,22270.98,0,3,SILVER,344
15600001,Willis,643,France,Male,32,3,93202.21,1,1,1,19213.65,0,3,GOLD,393
15600002,Gordon,682,France,Female,26,2,29183.95,2,1,0,134784.55,0,3,GOLD,329
15600003,Yates,726,Germany,Female,32,6,63649.16,1,1,1,74933.99,1,3,PLATINUM,363
15600004,Fox,638,Germany,Male,39,2,63651.83,2,1,1,54803.82,0,3,GOLD,363
15600005,Molina,638,Germany,Male,57,7,104055.01,2,1,1,76704.58,1,1,PLATINUM,204
15600006,Henson,728,Germany,Male,34,5,99933.21,3,1,0,54562.57,0,1,SILVER,199
15600007,Barker,688,Spain,Male,42,4,84158.91,1,0,1,78465.01,0,3,PLATINUM,384
15600008,Lindsey,626,Germany,Female,39,3,32161.82,2,0,1,130337.9,0,3,SILVER,332
15600009,Le,677,Germany,Female,51,7,105541.05,2,1,0,92922.19,1,3,SILVER,405
15600010,Martin,626,Germany,Male,65,7,225620.38,2,0,0,107251.53,0,2,SILVER,425
15600011,Cox,626,France,Female,34,0,52270.17,2,1,1,61053.89,0,4,SILVER,452
15600012,Alexander,662,Spain,Female,35,8,39150.64,2,1,0,113390.82,0,4,GOLD,439
15600013,Warren,554,France,Female,50,4,103279.69,1,1,0,103326.39,0,5,PLATINUM,603
15600014,Conley,563,Germany,Female,46,3,154513.73,1,1,0,26738.68,0,3,SILVER,454
15600015,Nicholson,621,Spain,Male,58,5,28950.77,1,1,0,90170.0,1,4,PLATINUM,428
15600016,Jimenez,599,France,Male,45,5,122754.64,1,1,1,45944.09,0,4,PLATINUM,522
15600017,Chen,665,Spain,Female,36,1,39601.0,4,1,0,122573.39,0,3,DIAMOND,339
15600018,Coffey,604,Spain,Male,45,7,127663.63,2,0,1,69631.28,0,3,SILVER,427
15600019,Chaney,579,France,Male,51,6,75312.0,4,1,1,149255.78,0,5,GOLD,575
15600020,Howell,723,France,Male,48,0,0.0,1,1,1,22950.06,0,3,DIAMOND,300
15600021,Harper,638,Spain,Female,45,4,118478.88,3,1,1,119248.7,0,3,PLATINUM,418
15600022,Hoover,653,Spain,Female,50,5,118057.24,3,1,1,104318.24,0,2,GOLD,318
15600023,Cervantes,578,Germany,Female,51,3,71045.98,2,0,0,117449.84,0,2,SILVER,271
15600024,Sampson,622,Spain,Male,53,1,68082.81,2,1,1,53054.17,0,4,SILVER,468
15600025,Roth,655,Germany,Female,46,3,34431.36,1,1,1,78887.63,0,3,GOLD,334
15600026,Ferguson,592,Spain,Female,38,0,90880.22,3,1,1,121511.19,0,3,PLATINUM,390
15600027,Garza,668,Spain,Male,41,6,144110.79,2,1,1,42555.79,1,2,SILVER,344
15600028,Pratt,619,Germany,Female,52,1,56047.46,1,1,0,41644.65,1,3,GOLD,356
15600029,Barber,635,Spain,Female,31,1,78654.62,1,1,0,87147.13,1,3,GOLD,378
15600030,Burke,619,France,Male,43,8,96835.54,3,1,1,83298.9,0,2,GOLD,296
15600031,Bowman,742,France,Male,36,4,14943.67,3,1,0,49516.75,0,4,PLATINUM,414
15600032,Ruiz,649,Germany,Male,40,1,88422.03,4,1,1,51730.59,0,1,PLATINUM,188
15600033,Holloway,597,Spain,Female,52,10,52829.22,2,0,0,48898.32,0,3,GOLD,352
15600034,Palmer,691,Germany,Female,41,8,115189.02,1,1,0,118011.69,0,3,DIAMOND,415
15600035,Mcbride,588,France,Female,40,8,49768.12,1,1,0,101266.12,0,2,SILVER,249
15600036,Vaughan,660,France,Male,26,0,8460.6,1,1,0,126538.41,0,4,SILVER,408
15600037,Cobb,552,France,Male,47,10,183777.37,1,1,1,146566.22,0,4,SILVER,583
15600038,Mata,583,France,Female,46,2,183989.58,1,1,0,76383.0,1,4,SILVER,583
15600039,Lyons,659,Spain,Female,61,3,136744.68,1,1,1,19337.14,0,2,SILVER,336
15600040,Key,686,France,Male,36,6,76563.77,1,1,1,16732.92,1,2,SILVER,276
15600041,Hahn,658,Spain,Male,42,9,34954.91,3,1,0,51393.11,0,2,PLATINUM,234
15600042,Valenzuela,644,Germany,Male,42,3,29989.75,1,0,1,140556.24,0,3,SILVER,329
15600043,Kramer,634,France,Male,55,1,0.0,3,0,1,83249.83,0,4,PLATINUM,400
15600044,Ryan,576,Spain,Female,39,6,92778.1,2,1,1,48050.11,0,4,SILVER,492
15600045,Figueroa,614,Germany,Male,42,5,94858.22,1,0,0,65883.35,1,4,DIAMOND,494
15600046,Howard,626,France,Female,46,2,145460.81,1,0,1,93803.32,1,5,PLATINUM,645
15600047,Owen,702,Spain,Female,41,5,171401.57,1,1,1,101412.95,0,4,SILVER,571
15600048,Stewart,667,Germany,Female,35,10,56349.23,1,1,0,31548.73,0,3,PLATINUM,356
15600049,Sullivan,561,Germany,Male,41,5,107298.08,2,1,0,146784.43,1,2,GOLD,307
15600050,Jarvis,666,France,Male,50,4,76783.98,1,0,1,86268.11,0,3,PLATINUM,376
15600051,Horton,630,Germany,Male,29,3,39305.85,1,1,0,28996.36,1,2,GOLD,239
15600052,Li,616,Spain,Male,41,9,136423.5,1,0,1,135108.94,0,1,PLATINUM,236
15600053,Cohen,680,France,Female,32,0,55678.64,4,1,0,20449.38,0,3,PLATINUM,355
15600054,Cooley,701,Spain,Male,51,9,84049.62,2,1,1,137082.96,0,4,GOLD,484
15600055,Bruce,696,Germany,Male,24,5,64578.87,2,1,1,149519.19,0,2,SILVER,264
15600056,Cook,608,Spain,Female,34,1,60475.18,1,1,0,108060.45,0,4,PLATINUM,460
15600057,Turner,634,France,Male,43,2,65366.92,2,0,0,117862.61,0,4,GOLD,465
15600058,Weaver,666,Spain,Female,55,7,96673.57,2,1,1,57222.4,0,3,GOLD,396
15600059,Wilkinson,698,France,Female,39,9,23824.54,2,1,1,141820.76,0,1,SILVER,123
15600060,Oneill,626,France,Female,34,5,21205.16,4,1,1,84159.96,0,2,GOLD,221
15600061,Snow,640,France,Female,58,2,88035.16,1,0,0,112534.38,0,4,DIAMOND,488
15600062,Ford,594,France,Female,25,6,64109.67,3,1,0,139375.08,0,4,SILVER,464
15600063,Hudson,590,France,Female,18,3,0.0,3,1,0,146525.2,0,4,GOLD,400
15600064,Whitaker,690,France,Female,44,8,152652.87,1,1,1,126648.61,0,3,PLATINUM,452
15600065,Day,717,Spain,Female,34,4,106413.05,1,1,0,52422.45,1,2,PLATINUM,306
15600066,Terry,646,France,Male,29,2,28522.49,4,1,0,145316.65,1,2,GOLD,228
15600067,Zamora,700,France,Male,47,1,45234.92,1,1,1,97936.73,0,4,GOLD,445
15600068,Malone,668,Germany,Male,42,10,91560.16,2,1,1,140289.95,0,2,DIAMOND,291
15600069,Abbott,617,Spain,Male,34,1,68849.21,4,1,0,104654.7,1,3,PLATINUM,368
15600070,Dixon,668,Spain,Female,27,2,15019.73,2,1,0,53013.45,1,3,SILVER,315
15600071,Santana,726,France,Male,48,1,55443.35,1,1,1,61803.43,0,1,SILVER,155
15600072,Harrell,648,France,Female,46,3,46844.55,2,1,1,87066.05,0,2,GOLD,246
15600073,Sherman,728,France,Male,39,1,87071.35,1,1,0,120602.08,0,3,SILVER,387
15600074,Davis,519,France,Male,58,9,87079.96,2,1,1,54517.56,0,2,SILVER,287
15600075,Kaufman,691,France,Male,29,8,39828.64,1,1,1,91162.36,0,2,DIAMOND,239
15600076,Payne,654,France,Female,24,1,2221.97,2,1,0,58387.5,0,4,SILVER,402
15600077,Melton,635,France,Male,33,8,27273.51,2,1,0,124207.72,1,4,PLATINUM,427
15600078,Leblanc,654,France,Female,39,5,35921.8,2,1,1,75341.93,1,2,SILVER,235
15600079,Hawkins,550,Spain,Female,42,0,217779.01,2,1,1,20741.2,0,4,PLATINUM,617
15600080,Lam,639,France,Male,37,3,51786.59,2,0,0,33247.35,0,3,PLATINUM,351
15600081,Hernandez,667,France,Male,43,0,130540.49,2,1,1,18554.65,0,3,SILVER,430
15600082,Dickerson,723,Spain,Male,27,5,55163.64,1,1,1,79902.41,1,4,GOLD,455
15600083,Brandt,624,Spain,Female,54,3,46326.62,2,0,0,24887.22,0,4,SILVER,446
15600084,Farmer,609,France,Male,39,2,37806.13,1,1,1,25979.6,0,4,DIAMOND,437
15600085,Wyatt,624,Germany,Female,51,2,181466.17,3,1,1,141746.76,0,2,DIAMOND,381
15600086,Hatfield,695,Spain,Female,43,8,113194.72,1,0,0,132171.71,0,1,GOLD,213
15600087,Armstrong,666,France,Male,44,5,70476.1,1,1,0,73292.12,0,4,GOLD,470
15600088,Mcdowell,623,Germany,Male,45,8,118721.82,2,1,0,148012.74,0,3,GOLD,418
15600089,Snyder,675,Germany,Female,44,4,101757.39,1,1,1,10026.11,0,2,PLATINUM,301
15600090,Yoder,654,France,Female,46,1,75401.33,1,1,1,95957.12,1,4,GOLD,475
15600091,Mathews,698,France,Female,53,7,30168.56,2,0,0,96299.94,1,4,SILVER,430
15600092,Campos,614,Germany,Male,41,4,171927.12,2,0,1,74042.03,1,4,GOLD,571
15600093,Gonzalez,633,Germany,Female,47,1,110490.91,2,1,1,65572.72,0,3,SILVER,410
15600094,Golden,630,France,Male,39,3,0.0,1,1,1,73753.64,0,4,PLATINUM,400
15600095,Walker,576,France,Female,54,8,147016.08,2,1,0,68094.46,0,1,SILVER,247
15600096,Erickson,664,France,Female,33,3,26990.4,1,0,0,112268.95,1,1,PLATINUM,126
15600097,Wong,663,Spain,Male,58,3,78239.78,2,1,0,28949.76,0,3,SILVER,378
15600098,Miller,650,Spain,Female,39,1,65713.13,2,0,1,37669.49,0,1,SILVER,165
15600099,Carter,638,France,Male,25,5,0.0,2,0,0,35272.55,0,3,PLATINUM,300
15600100,Norton,579,Spain,Male,41,10,43785.37,1,1,1,46745.88,0,3,DIAMOND,343
15600101,Ellison,628,Germany,Female,33,1,96712.96,1,1,0,83536.18,0,3,PLATINUM,396
15600102,Osborne,632,France,Male,48,6,181632.62,1,1,0,25569.22,0,2,SILVER,381
15600103,Travis,609,France,Male,33,2,74367.19,1,1,1,131543.7,0,2,SILVER,274
15600104,Bauer,641,Germany,Female,35,2,30292.68,1,1,1,51630.61,0,3,DIAMOND,330
15600105,Kelly,670,Germany,Male,21,4,3848.9,2,1,0,32755.32,1,3,GOLD,303
15600106,Salas,744,Spain,Male,35,2,71204.52,1,1,0,104586.98,0,4,SILVER,471
15600107,Reid,658,Spain,Male,18,1,77907.68,3,1,1,15332.08,0,4,DIAMOND,477
15600108,Oconnor,662,France,Female,24,9,76549.8,1,1,0,96795.6,0,3,PLATINUM,376
15600109,Walsh,646,Spain,Male,47,8,98173.33,2,1,0,107747.78,1,4,DIAMOND,498
15600110,Peterson,554,Spain,Female,47,1,106422.59,2,0,1,40088.31,0,2,DIAMOND,306
15600111,Francis,648,France,Female,44,10,153293.05,1,1,0,15874.97,1,2,DIAMOND,353
15600112,Velazquez,653,France,Male,30,1,64393.62,1,0,0,60910.35,0,4,SILVER,464
15600113,Benton,773,France,Male,39,7,44783.4,2,1,0,23803.19,1,3,SILVER,344
15600114,Mccarthy,640,France,Male,39,8,44916.52,1,1,0,26306.9,1,5,GOLD,544
15600115,Cantrell,665,France,Female,28,6,54487.92,3,0,0,45596.57,0,3,GOLD,354
15600116,Fields,648,France,Male,55,2,179129.7,2,0,0,51365.51,0,4,GOLD,579
15600117,Hines,591,France,Male,48,8,118993.39,3,1,0,84195.85,0,3,GOLD,418
15600118,Mcconnell,707,France,Male,37,2,75755.39,1,1,0,104974.86,0,3,GOLD,375
15600119,Gillespie,687,Germany,Male,40,4,54541.93,2,0,1,92987.93,0,3,GOLD,354
15600120,Fisher,689,Spain,Male,42,8,86576.59,2,1,0,30770.45,0,4,SILVER,486
15600121,Collins,604,Spain,Female,19,2,69237.51,2,1,0,34092.04,0,3,SILVER,369
15600122,Orr,720,Germany,Female,37,6,68098.58,1,1,1,133027.69,0,5,GOLD,568
15600123,Jacobson,579,Spain,Male,33,0,44910.98,2,1,1,88169.32,0,2,PLATINUM,244
15600124,Cunningham,679,France,Male,29,3,27523.79,1,1,0,131791.3,0,2,SILVER,227
15600125,Lane,759,Spain,Male,37,3,60251.87,2,1,1,62016.51,0,3,GOLD,360
15600126,Pineda,600,Spain,Male,57,6,0.0,1,1,0,96016.0,0,3,PLATINUM,300
15600127,Patel,621,Germany,Female,46,7,48127.33,3,1,0,83312.88,0,4,GOLD,448
15600128,Moody,654,Spain,Male,34,0,24727.99,1,0,1,54677.29,0,3,SILVER,324
15600129,Rosales,624,France,Female,45,4,56140.74,3,0,1,75788.15,1,3,GOLD,356
15600130,Richardson,572,France,Female,53,6,73635.7,3,0,0,80348.72,0,3,SILVER,373
15600131,Forbes,653,France,Male,49,3,74383.52,3,1,0,38107.94,0,3,DIAMOND,374
15600132,Ortiz,596,Spain,Female,40,3,32601.89,2,1,1,54101.45,0,4,SILVER,432
15600133,Johnson,673,Spain,Female,33,3,25092.34,1,1,0,120797.37,1,2,PLATINUM,225
15600134,Sellers,604,France,Female,46,5,59439.34,4,1,1,138210.35,1,3,SILVER,359
15600135,David,727,Germany,Female,43,6,146715.49,1,1,0,60371.17,1,5,GOLD,646
15600136,Meyer,610,Spain,Male,48,1,152482.71,2,0,1,52976.12,0,4,GOLD,552
15600137,Ponce,633,France,Male,46,4,30972.83,2,1,1,37327.6,0,3,SILVER,330
15600138,Sheppard,690,France,Female,50,3,0.0,2,1,1,104988.76,0,3,GOLD,300
15600139,Chambers,588,France,Male,34,2,49094.85,1,1,1,55233.96,0,2,SILVER,249
15600140,Stuart,661,France,Male,53,6,38559.98,2,1,1,148284.94,1,3,GOLD,338
15600141,Barajas,715,France,Male,41,10,110637.24,3,1,0,55595.87,0,4,PLATINUM,510
15600142,Diaz,569,France,Male,60,5,21716.41,1,1,0,65179.05,0,3,GOLD,321
15600143,Lara,659,France,Male,33,6,24984.94,3,1,0,94466.79,0,2,DIAMOND,224
15600144,Maddox,662,France,Female,57,4,227183.39,1,1,1,122235.8,1,2,PLATINUM,427
15600145,Collier,689,Germany,Male,41,5,109140.35,1,1,1,75732.61,0,2,GOLD,309
15600146,Rivas,588,France,Male,33,4,0.0,1,0,0,69171.84,0,2,SILVER,200
15600147,Pacheco,583,Spain,Male,35,6,90158.65,1,1,0,149389.3,0,1,GOLD,190
15600148,Maxwell,676,Spain,Male,36,1,25064.9,3,0,0,11469.11,0,3,PLATINUM,325
15600149,Page,664,Germany,Female,44,10,128384.34,1,1,1,135309.14,0,2,SILVER,328
15600150,Nguyen,662,France,Female,45,4,150174.92,1,0,0,30879.72,1,2,PLATINUM,350
15600151,Hubbard,667,France,Female,34,5,68887.82,1,1,1,120029.54,0,3,SILVER,368
15600152,Mann,615,Germany,Female,39,5,84482.7,2,1,1,96510.42,0,2,PLATINUM,284
15600153,Hurst,661,Germany,Male,61,4,72876.6,2,1,0,57858.62,0,1,SILVER,172
15600154,Fuentes,664,Germany,Female,57,9,47114.22,1,0,0,132342.49,0,3,DIAMOND,347
15600155,Bush,614,France,Male,44,6,97949.23,1,0,0,11807.01,1,2,GOLD,297
15600156,Kline,743,France,Male,40,9,61165.06,3,0,0,41736.69,0,3,SILVER,361
15600157,Robles,673,Spain,Male,41,7,158686.35,1,0,0,89364.99,0,2,SILVER,358
15600158,Zuniga,590,Germany,Male,46,6,56903.98,1,0,0,59215.92,1,4,GOLD,456
15600159,Mendoza,682,Spain,Male,29,4,108940.85,1,1,1,95452.85,0,5,DIAMOND,608
15600160,Villanueva,601,Spain,Female,37,0,25754.19,2,0,0,13375.43,0,4,SILVER,425
15600161,Wall,689,France,Female,23,4,54629.51,1,0,0,26304.25,0,3,SILVER,354
15600162,French,707,Germany,Female,43,9,73800.17,2,1,1,27793.47,0,4,GOLD,473
15600163,Maldonado,608,France,Female,46,1,37139.44,1,1,1,36499.71,0,3,GOLD,337
15600164,Howe,698,France,Male,35,4,65432.03,4,1,0,74306.4,0,1,GOLD,165
15600165,Donovan,670,Spain,Female,55,4,88229.22,1,1,1,115298.02,0,3,PLATINUM,388
15600166,Dean,691,Spain,Male,27,1,22225.42,2,1,0,136775.44,0,4,SILVER,422
15600167,Cardenas,744,France,Female,25,4,53040.7,1,0,1,126952.15,0,3,DIAMOND,353
15600168,Steele,637,France,Male,42,3,33603.17,1,1,1,37564.3,0,1,GOLD,133
15600169,Christensen,612,Spain,Male,50,0,154158.93,2,1,1,71761.08,1,4,SILVER,554
15600170,Velez,605,France,Female,56,2,136837.89,1,0,0,37917.62,0,4,PLATINUM,536
15600171,Cline,609,Spain,Male,35,0,52469.9,3,1,1,47026.05,0,2,PLATINUM,252
15600172,Patterson,646,France,Male,50,10,103488.96,3,0,0,80496.58,0,3,GOLD,403
15600173,Perez,667,Spain,Female,39,4,41734.69,3,0,0,19535.26,0,2,PLATINUM,241
15600174,Boone,663,Spain,Male,38,3,77420.66,1,1,0,40544.41,0,4,SILVER,477
15600175,Hoffman,691,France,Female,48,6,84905.77,2,1,0,140952.94,0,2,GOLD,284
15600176,Dyer,650,France,Female,46,4,112181.63,1,1,0,75256.28,0,3,DIAMOND,412
15600177,Dudley,722,France,Female,24,9,33472.66,3,0,1,72354.11,0,4,SILVER,433
15600178,Russell,636,France,Male,54,3,142854.6,2,1,1,12039.4,0,3,GOLD,442
15600179,Stafford,786,Germany,Male,53,1,91554.96,3,1,0,44635.96,1,3,PLATINUM,391
15600180,Buckley,681,France,Male,33,3,36740.95,1,1,0,131280.94,1,3,DIAMOND,336
15600181,Acosta,607,Germany,Female,43,1,130431.94,2,1,0,33047.98,0,2,GOLD,330
15600182,Poole,596,France,Male,44,7,42893.47,1,0,0,68117.49,0,3,GOLD,342
15600183,Butler,674,Spain,Female,42,2,200743.93,2,0,0,12006.33,0,2,GOLD,400
15600184,Watkins,638,Germany,Female,34,8,44248.82,1,1,1,76966.97,0,3,DIAMOND,344
15600185,Doyle,685,Spain,Male,33,3,29251.47,2,1,0,12942.95,0,2,DIAMOND,229
15600186,Buck,673,Spain,Female,39,5,16203.6,2,1,0,124745.34,1,3,SILVER,316
15600187,Vincent,646,Spain,Male,51,9,119122.07,2,1,0,125479.53,0,5,GOLD,619
15600188,Goodwin,607,France,Male,45,4,75545.26,1,1,1,120283.91,0,5,GOLD,575
15600189,Jensen,574,Germany,Male,36,9,28246.01,2,0,1,49670.97,0,3,PLATINUM,328
15600190,Conway,627,Germany,Male,47,0,53843.37,1,1,1,127213.21,0,2,PLATINUM,253
15600191,James,692,Germany,Male,18,8,25299.22,1,0,1,86019.74,1,3,PLATINUM,325
15600192,Gates,660,France,Female,51,0,143392.35,1,1,0,62333.14,0,4,DIAMOND,543
15600193,Cooper,587,Germany,Female,22,7,13205.54,1,1,0,97546.19,1,2,SILVER,213
15600194,Morton,658,Germany,Female,36,8,103132.88,1,1,1,11727.75,0,5,SILVER,603
15600195,Simmons,669,France,Male,28,8,105128.2,2,1,0,30014.52,0,3,GOLD,405
15600196,Hill,605,France,Male,27,0,67730.65,1,0,1,113921.1,1,5,GOLD,567
15600197,Bishop,657,Germany,Male,51,1,74216.8,1,0,0,44182.63,0,4,SILVER,474
15600198,Allison,652,Spain,Female,35,0,60673.79,3,0,0,93721.28,1,4,SILVER,460
15600199,Barnes,592,Germany,Male,43,9,115007.78,1,1,1,63914.36,0,3,PLATINUM,415
15600200,Bowen,667,France,Female,39,1,87858.02,2,1,1,129672.81,0,1,DIAMOND,187
15600201,Boyer,678,Germany,Female,44,9,137328.0,2,1,1,143338.14,1,3,GOLD,437
15600202,Adkins,704,France,Male,40,7,3428.68,3,0,0,133699.06,0,3,GOLD,303
15600203,Luna,702,France,Male,27,4,73668.9,2,1,1,47886.8,1,1,SILVER,173
15600204,Alvarado,581,France,Female,49,10,34316.73,2,1,0,37182.8,1,3,PLATINUM,334
15600205,Torres,603,Germany,Male,35,6,38074.11,3,1,0,76420.89,0,3,PLATINUM,338
15600206,Estes,675,Spain,Female,24,1,58936.85,1,1,0,11026.78,0,3,GOLD,358
15600207,English,675,Spain,Male,35,7,66988.43,3,1,0,13613.32,0,3,SILVER,366
15600208,Gill,675,France,Male,55,10,165378.94,1,1,0,87460.69,0,2,SILVER,365
15600209,Silva,842,Germany,Female,48,5,81136.09,3,0,0,82862.92,0,5,SILVER,581
15600210,Fischer,678,France,Male,36,7,28794.29,1,1,0,149241.48,0,2,GOLD,228
15600211,Mueller,706,Germany,Female,36,0,48718.89,2,0,0,38257.86,0,3,PLATINUM,348
15600212,Jackson,697,Spain,Male,36,0,75472.56,1,1,0,46134.55,0,3,DIAMOND,375
15600213,Robinson,682,France,Female,60,6,96630.44,2,1,0,25895.69,1,4,GOLD,496
15600214,Mcclure,634,Spain,Female,43,7,127043.46,1,1,0,138456.02,1,1,PLATINUM,227
15600215,Singh,687,France,Male,44,2,144237.55,3,1,1,118893.57,0,3,DIAMOND,444
15600216,Mckenzie,611,Germany,Female,50,4,150160.66,3,1,0,125127.48,0,3,SILVER,450
15600217,Duffy,638,Spain,Male,42,0,202842.61,1,1,0,136386.93,1,2,GOLD,402
15600218,Vasquez,625,France,Male,37,6,29874.92,3,1,0,83486.0,0,3,DIAMOND,329
15600219,Costa,654,Germany,Male,38,4,68891.0,2,1,1,73167.05,0,5,GOLD,568
15600220,Wolf,765,France,Female,39,7,73050.29,2,1,1,56254.81,1,5,DIAMOND,573
15600221,Serrano,556,Spain,Female,39,7,93435.84,1,1,1,92490.05,0,1,DIAMOND,193
15600222,Ramsey,684,Germany,Male,47,8,80981.2,1,1,1,73598.98,0,2,PLATINUM,280
15600223,Rhodes,569,Spain,Male,40,6,21817.83,1,1,0,73219.18,1,3,PLATINUM,321
15600224,Montgomery,626,France,Female,47,10,94006.37,1,1,1,141169.9,1,3,PLATINUM,394
15600225,Nielsen,704,Germany,Male,39,0,61331.83,3,1,1,147764.41,0,2,PLATINUM,261
15600226,Gregory,653,Spain,Male,40,2,83685.92,1,0,0,121507.81,0,2,GOLD,283
15600227,Scott,596,France,Female,20,7,65526.31,3,0,0,115946.13,0,5,SILVER,565
15600228,Reynolds,614,France,Male,49,2,141498.11,1,1,0,105278.14,0,5,GOLD,641
15600229,Davenport,683,Germany,Female,43,7,72358.25,2,0,1,33250.48,0,1,PLATINUM,172
15600230,Glass,613,Spain,Male,49,0,132780.52,2,1,1,18274.81,0,3,SILVER,432
15600231,Rodriguez,660,Spain,Female,18,4,102350.49,3,1,1,106701.68,1,3,SILVER,402
15600232,White,652,Germany,Male,60,3,82144.88,1,1,0,112030.07,0,2,SILVER,282
15600233,Burch,617,Germany,Male,38,4,38507.5,1,1,0,16576.22,0,3,PLATINUM,338
15600234,Curtis,757,France,Female,51,7,127957.96,1,1,0,139927.25,0,3,DIAMOND,427
15600235,Reyes,681,France,Male,29,9,55954.56,1,1,0,22759.69,0,4,DIAMOND,455
15600236,Jacobs,548,France,Female,46,3,74758.47,1,1,1,50026.07,0,4,GOLD,474
15600237,Rowland,659,Germany,Male,29,10,49530.44,1,1,1,104134.57,0,3,DIAMOND,349
15600238,Fletcher,616,France,Female,33,3,46977.85,1,1,0,33782.16,0,3,PLATINUM,346
15600239,Graves,692,Spain,Female,59,2,75207.08,2,0,1,17758.22,0,2,GOLD,275
15600240,Decker,610,Germany,Female,38,6,81067.5,1,1,0,56360.51,0,3,GOLD,381
15600241,Tyler,644,Germany,Female,42,2,169658.0,1,1,1,117236.02,1,3,SILVER,469
15600242,Carroll,675,France,Male,48,2,38703.33,1,1,0,67915.02,0,2,DIAMOND,238
15600243,Mckee,693,Germany,Male,44,10,139304.53,2,1,0,101416.21,0,2,GOLD,339
15600244,Spencer,589,France,Female,41,9,96838.83,3,1,0,91146.67,1,2,GOLD,296
15600245,Holmes,633,Germany,Female,43,4,23923.62,2,1,0,13110.59,1,5,PLATINUM,523
15600246,Wade,626,France,Female,64,4,109079.34,2,1,0,148395.6,0,2,GOLD,309
15600247,Peck,617,France,Male,39,5,55749.83,1,0,1,15799.93,0,2,SILVER,255
15600248,Hopkins,738,Germany,Male,42,7,43978.87,2,0,1,145492.38,1,3,PLATINUM,343
15600249,Romero,670,France,Male,50,9,94503.11,1,1,1,86980.98,1,3,SILVER,394
15600250,Weiss,586,France,Male,51,5,50668.05,1,1,0,144842.26,0,2,PLATINUM,250
15600251,Cabrera,695,Germany,Female,51,0,76570.85,2,1,1,26065.5,0,5,GOLD,576
15600252,Graham,756,Germany,Female,46,7,171608.51,3,1,0,78657.19,0,4,PLATINUM,571
15600253,Barnett,701,Spain,Female,28,7,70639.01,1,1,0,33730.57,0,3,PLATINUM,370
15600254,Higgins,574,Spain,Male,56,8,170078.29,2,1,1,17136.48,0,3,GOLD,470
15600255,House,625,Spain,Male,28,8,67947.48,2,0,1,96454.08,0,1,GOLD,167
15600256,Cisneros,713,France,Male,43,1,81863.1,1,1,0,39089.68,1,3,PLATINUM,381
15600257,Castillo,614,France,Female,32,1,59296.32,1,0,0,92277.58,0,4,PLATINUM,459
15600258,Gaines,672,France,Female,39,2,49116.96,1,0,1,25731.03,0,1,PLATINUM,149
15600259,Roberson,688,Germany,Male,43,0,53455.94,1,1,0,56478.11,0,2,DIAMOND,253
15600260,Deleon,603,Spain,Female,43,3,117660.37,1,0,0,119428.56,0,3,SILVER,417
15600261,Shields,647,Spain,Male,44,3,99010.73,1,0,1,71187.21,0,2,GOLD,299
15600262,Riley,487,Spain,Male,56,8,68819.73,1,0,0,97884.36,0,5,DIAMOND,568
15600263,Curry,598,Germany,Female,44,8,22561.85,2,1,0,100644.11,0,2,GOLD,222
15600264,Bradley,637,France,Male,37,8,74696.87,2,1,0,128125.71,0,4,SILVER,474
15600265,Neal,587,Spain,Female,49,9,76522.39,4,1,1,55489.19,1,3,GOLD,376
15600266,Rice,731,Spain,Male,51,6,90235.12,1,1,1,106221.38,0,4,SILVER,490
15600267,Mendez,578,Spain,Female,27,1,32822.4,2,1,1,144626.21,0,3,SILVER,332
15600268,Sanford,627,France,Female,45,9,0.0,3,1,1,112234.07,1,3,DIAMOND,300
15600269,Williamson,656,Germany,Female,47,4,23336.27,2,0,1,78581.87,0,4,GOLD,423
15600270,Pearson,722,Germany,Male,37,3,90836.3,1,1,0,98300.44,0,3,SILVER,390
15600271,Gibson,578,Spain,Male,53,10,74669.47,2,1,0,113555.61,1,3,DIAMOND,374
15600272,Norris,708,Spain,Female,38,7,65779.33,1,1,1,95718.61,0,3,DIAMOND,365
15600273,Santiago,650,Germany,Female,41,1,27502.99,1,1,1,12334.61,0,4,GOLD,427
15600274,Walters,600,Germany,Male,38,5,47232.97,2,1,1,37268.29,0,3,SILVER,347
15600275,Briggs,673,France,Male,40,4,62054.78,2,1,1,123465.55,1,5,PLATINUM,562
15600276,Mays,659,Spain,Male,29,1,62229.69,1,1,0,48171.09,0,2,PLATINUM,262
15600277,Harrington,619,Spain,Female,25,10,65863.04,3,1,0,112418.7,0,3,PLATINUM,365
15600278,Velasquez,653,Spain,Male,55,9,75751.65,2,1,0,62096.83,0,4,DIAMOND,475
15600279,Cruz,630,Germany,Male,31,0,27505.66,1,1,0,83063.81,0,3,PLATINUM,327
15600280,Bolton,655,Germany,Female,30,7,94576.05,3,1,0,19516.26,0,4,SILVER,494
15600281,Larsen,683,Germany,Male,18,1,43382.83,1,1,1,35371.58,0,5,PLATINUM,543
15600282,Wiggins,729,Spain,Male,33,6,59180.43,4,0,1,144007.57,0,3,GOLD,359
15600283,Herman,588,France,Male,26,8,81639.99,2,1,0,134619.33,0,2,PLATINUM,281
15600284,Shelton,756,Germany,Female,56,8,70961.11,1,0,0,101318.52,0,1,PLATINUM,170
15600285,Meyers,552,Germany,Female,50,7,142685.65,2,1,0,74350.24,0,4,SILVER,542
15600286,Jenkins,642,France,Female,33,10,76837.33,2,1,0,104606.58,1,4,GOLD,476
15600287,Cantu,679,Germany,Female,62,9,166530.85,2,1,1,96605.44,0,2,GOLD,366
15600288,Lynn,664,Germany,Female,49,8,109768.76,4,0,1,89597.32,1,2,GOLD,309
15600289,Odonnell,618,Spain,Female,36,1,64058.17,2,1,1,18284.79,1,1,PLATINUM,164
15600290,Harvey,639,Spain,Female,18,5,91629.33,2,0,1,98592.37,0,4,GOLD,491
15600291,Chandler,625,France,Male,62,3,70486.23,3,1,1,117648.81,0,3,PLATINUM,370
15600292,Bowers,620,France,Male,26,3,24658.51,2,1,0,149171.43,1,3,SILVER,324
15600293,Parker,692,France,Female,23,4,25457.42,1,1,0,11551.0,0,3,PLATINUM,325
15600294,Whitehead,667,Germany,Male,50,2,117192.24,3,1,0,112224.28,1,4,PLATINUM,517
15600295,Gallegos,615,France,Male,64,0,138444.87,1,1,1,90050.5,0,3,PLATINUM,438
15600296,Bautista,694,France,Female,53,7,142074.64,2,0,0,70767.3,0,3,GOLD,442
15600297,Mcdaniel,665,France,Male,45,4,41727.87,3,1,0,27859.82,0,2,DIAMOND,241
15600298,Harmon,690,Spain,Male,45,2,152597.52,2,1,1,67271.92,0,3,SILVER,452
15600299,Goodman,681,Germany,Male,48,9,51052.24,2,1,1,59612.81,1,4,SILVER,451
15600300,Donaldson,608,France,Male,47,6,140535.18,2,1,1,52396.18,0,5,GOLD,640
15600301,Knapp,621,France,Male,42,6,126758.67,1,0,0,112323.15,0,2,SILVER,326
15600302,Faulkner,687,Germany,Female,41,0,140931.53,3,1,0,108101.57,1,1,DIAMOND,240
15600303,Stevens,680,Spain,Female,39,8,37323.77,1,1,0,92462.81,0,1,SILVER,137
15600304,Mason,648,France,Female,32,1,87340.64,1,1,0,141413.07,0,3,PLATINUM,387
15600305,Huang,655,Spain,Male,37,4,0.0,1,0,0,58979.61,0,4,PLATINUM,400
15600306,Guerra,713,France,Female,23,4,83786.0,2,0,0,44132.27,0,1,SILVER,183
15600307,Carr,620,France,Male,39,7,41789.12,2,1,1,101826.46,0,3,PLATINUM,341
15600308,Burns,677,Spain,Male,30,7,64614.93,3,1,0,37833.97,0,3,SILVER,364
15600309,Hester,639,Spain,Male,28,6,69725.73,1,0,1,54101.47,0,1,GOLD,169
15600310,Hendrix,639,Germany,Male,41,6,16277.79,1,1,1,41444.34,0,3,SILVER,316
15600311,Black,704,France,Female,53,10,55190.53,1,1,0,19681.5,0,2,DIAMOND,255
15600312,Norman,691,Spain,Female,49,5,73685.27,1,1,1,125849.82,0,3,DIAMOND,373
15600313,Swanson,690,Spain,Male,24,5,6153.31,2,1,0,45635.68,0,4,SILVER,406
15600314,Morrison,715,France,Female,30,10,64753.89,1,1,0,76223.85,0,3,SILVER,364
15600315,Duarte,651,Spain,Male,49,8,166348.43,1,1,1,16064.14,0,2,PLATINUM,366
15600316,Rodgers,684,France,Female,30,5,0.0,1,1,0,107907.53,0,5,SILVER,500
15600317,Schmidt,634,Germany,Female,37,1,27150.62,1,1,1,56278.54,1,3,DIAMOND,327
15600318,Schwartz,666,France,Male,45,1,42961.03,1,0,0,114263.14,0,4,GOLD,442
15600319,Maynard,643,Spain,Female,30,4,55200.24,1,0,1,67736.43,0,1,GOLD,155
15600320,Sparks,654,France,Male,41,3,122581.64,2,1,0,37405.78,0,1,PLATINUM,222
15600321,Stephens,679,Germany,Female,26,10,45434.0,3,0,0,81844.51,0,1,GOLD,145
15600322,Kennedy,609,Spain,Male,33,1,40521.24,2,1,0,28270.64,0,2,DIAMOND,240
15600323,Brown,754,Spain,Male,43,2,184331.96,4,0,1,71675.48,0,3,DIAMOND,484
15600324,Lawson,599,France,Female,24,6,69859.87,1,0,1,54422.77,0,5,SILVER,569
15600325,Winters,589,Germany,Female,44,7,145877.26,2,1,1,137674.34,0,3,SILVER,445
15600326,Barron,707,France,Male,39,5,53375.47,4,1,0,18530.02,1,2,DIAMOND,253
15600327,Bryant,689,Germany,Female,45,10,177898.44,1,1,1,107162.44,0,3,DIAMOND,477
15600328,Frost,681,France,Female,42,4,90693.88,3,0,1,35585.16,0,2,SILVER,290
15600329,Vang,681,France,Male,53,0,61565.68,1,0,1,54666.31,1,3,PLATINUM,361
15600330,Robertson,649,France,Male,41,7,91268.11,1,1,0,68171.97,0,3,GOLD,391
15600331,Griffin,605,Spain,Female,35,2,1248.92,1,1,1,137122.11,0,4,SILVER,401
15600332,Duran,653,Spain,Male,41,5,152397.1,2,1,1,43960.96,0,5,DIAMOND,652
15600333,Greer,616,France,Male,45,2,83230.21,2,1,0,22783.23,0,2,SILVER,283
15600334,Petersen,698,Germany,Male,40,6,7827.36,2,1,1,54616.54,0,3,DIAMOND,307
15600335,Wagner,642,Spain,Female,40,6,22061.97,1,1,1,24654.64,0,5,SILVER,522
15600336,Christian,608,Spain,Female,32,8,46730.72,1,1,0,28003.51,0,4,PLATINUM,446
15600337,Munoz,633,Spain,Male,33,4,81018.9,1,1,0,90339.08,0,3,SILVER,381
15600338,Schneider,670,Spain,Female,25,7,30411.26,1,1,0,18526.27,0,5,GOLD,530
15600339,Brewer,621,Spain,Male,57,9,123249.04,3,1,1,14330.32,1,1,PLATINUM,223
15600340,Jennings,608,France,Female,27,9,51895.38,1,1,1,110017.97,0,5,SILVER,551
15600341,Paul,662,France,Male,33,7,89311.54,3,1,0,60630.59,0,1,GOLD,189
15600342,Khan,662,Germany,Male,32,0,31865.25,3,0,1,27552.55,0,3,GOLD,331
15600343,Reese,624,Germany,Female,48,4,122861.49,1,0,1,45505.79,0,4,SILVER,522
15600344,Jones,626,France,Male,37,2,61054.51,2,1,0,99892.11,1,2,PLATINUM,261
15600345,Mccarty,661,France,Female,52,0,82719.52,1,1,1,48575.12,0,3,GOLD,382
15600346,Roberts,577,Spain,Female,33,3,78590.72,1,0,1,79232.96,0,3,GOLD,378
15600347,Larson,579,Spain,Male,42,7,250000.0,1,1,1,27037.34,0,5,GOLD,750
15600348,Compton,614,France,Male,31,2,122672.17,2,1,1,92333.11,0,4,GOLD,522
15600349,Coleman,639,France,Female,61,9,48518.27,1,1,1,54250.88,0,4,SILVER,448
15600350,Marshall,665,Germany,Male,28,1,44794.05,2,1,1,97775.58,0,3,GOLD,344
15600351,Ingram,723,Spain,Male,43,10,121528.63,2,1,0,123175.28,0,4,GOLD,521
15600352,Ayala,692,France,Male,46,8,0.0,1,0,1,95630.5,0,3,PLATINUM,300
15600353,Mcguire,642,France,Male,44,9,116724.96,2,0,1,51404.66,0,3,PLATINUM,416
15600354,Burgess,649,France,Male,38,4,79849.45,2,0,1,45804.12,1,4,GOLD,479
15600355,Henderson,599,Spain,Female,38,6,45124.22,1,1,0,55838.93,0,3,SILVER,345
15600356,Park,649,France,Female,40,10,83209.71,1,0,1,33046.87,0,1,SILVER,183
15600357,Logan,635,France,Male,38,10,22782.2,2,1,0,35364.06,0,1,SILVER,122
15600358,Kelley,666,Germany,Male,49,1,175731.85,1,1,1,120696.75,0,2,SILVER,375
15600359,Washington,608,France,Male,62,8,201783.92,2,1,0,63862.56,0,4,GOLD,601
15600360,Carney,675,Spain,Female,34,8,67733.26,1,0,0,71039.33,1,3,SILVER,367
15600361,Stone,726,France,Male,26,3,91905.45,1,0,0,93166.93,0,4,SILVER,491
15600362,Blanchard,644,France,Female,39,3,24381.81,1,0,0,92551.49,1,3,SILVER,324
15600363,Craig,670,France,Female,65,5,27451.34,1,1,1,19432.76,0,2,SILVER,227
15600364,Patton,684,Germany,Female,31,9,39241.72,2,1,1,126415.71,0,3,SILVER,339
15600365,Holder,629,Germany,Male,56,9,77819.08,1,0,1,34825.72,0,4,SILVER,477
15600366,Russo,661,Germany,Female,56,9,45193.85,2,0,0,111230.03,0,3,GOLD,345
15600367,Brennan,650,France,Male,34,5,27466.22,3,0,0,118173.94,0,5,GOLD,527
15600368,Drake,654,Spain,Female,45,0,79314.54,2,0,1,110085.93,0,3,SILVER,379
15600369,Gutierrez,611,France,Male,56,8,153544.76,2,1,1,91056.87,1,3,GOLD,453
15600370,Cooke,651,France,Female,36,1,11300.41,1,1,0,12045.26,1,3,GOLD,311
15600371,Bullock,674,Germany,Male,37,4,0.0,1,1,0,60452.57,0,5,SILVER,500
15600372,Weber,722,France,Female,34,8,53997.72,2,1,0,94677.52,0,4,SILVER,453
15600373,Robbins,697,France,Male,29,3,0.0,1,0,1,64243.18,0,1,GOLD,100
15600374,Hess,757,France,Male,33,10,73258.38,2,1,1,130887.19,0,3,PLATINUM,373
15600375,Phillips,611,France,Male,27,2,8139.99,1,1,0,53232.32,0,3,SILVER,308
15600376,Gonzales,693,France,Male,40,6,0.0,2,1,0,51094.87,0,4,SILVER,400
15600377,Krueger,659,Spain,Female,32,5,41186.1,3,1,1,47239.68,0,2,DIAMOND,241
15600378,Dalton,759,Spain,Female,42,7,231646.22,3,0,0,56589.32,0,4,SILVER,631
15600379,Marks,609,Germany,Male,24,2,64744.25,2,0,0,88036.7,0,5,SILVER,564
15600380,Perkins,608,Germany,Female,43,4,74187.9,2,0,1,108982.14,0,2,DIAMOND,274
15600381,Contreras,620,France,Male,48,9,66174.74,2,1,0,102759.51,0,4,PLATINUM,466
15600382,Villa,543,France,Male,20,3,71391.84,2,1,0,123080.49,0,1,GOLD,171
15600383,Bradford,623,France,Female,43,3,150996.23,1,1,1,134027.96,0,1,GOLD,250
15600384,Juarez,612,Spain,Male,52,3,127141.33,1,1,1,124251.07,0,2,SILVER,327
15600385,Duke,657,France,Male,27,9,44569.82,1,1,1,12652.36,0,1,SILVER,144
15600386,Garrett,667,Spain,Female,56,7,101524.78,4,1,1,113028.51,0,4,GOLD,501
15600387,Crawford,743,Spain,Male,44,5,33895.03,1,0,1,39175.94,0,1,SILVER,133
15600388,Pace,697,Spain,Male,32,2,43852.29,2,1,1,28609.93,0,2,GOLD,243
15600389,Wells,621,Spain,Male,39,9,47963.67,2,0,0,99388.43,0,2,DIAMOND,247
15600390,Edwards,605,France,Male,45,4,108541.59,2,1,1,54764.05,0,2,DIAMOND,308
15600391,Hayden,674,Germany,Female,40,5,16584.41,2,1,1,17996.4,0,1,SILVER,116
15600392,Madden,583,Germany,Female,45,4,114663.11,1,0,0,29268.16,0,3,PLATINUM,414
15600393,Bell,741,France,Female,30,5,84233.98,2,1,0,10130.12,0,2,GOLD,284
15600394,Sexton,708,Germany,Male,41,7,73904.91,3,1,0,136451.31,0,4,DIAMOND,473
15600395,Hogan,626,Spain,Male,25,6,0.0,1,1,0,13446.52,0,4,SILVER,400
15600396,Flowers,564,Germany,Female,38,4,44512.95,1,1,0,39323.81,1,1,SILVER,144
15600397,Williams,717,Germany,Male,30,9,0.0,2,1,1,68276.79,0,4,SILVER,400
15600398,Mayer,644,Spain,Male,32,5,0.0,3,0,1,59919.99,1,1,GOLD,100
15600399,Keith,711,France,Male,52,3,39948.49,1,0,0,137641.62,0,2,GOLD,239
